SigUF,NomRegiao,CodMunicipioIbge,NomMunicipio,DscClasseConsumo,DscFonteGeracao,DscPorte,MdaPotenciaInstaladaKW,DthAtualizaCadastralEmpreend
AC,Norte,1200401,Rio Branco,Comercial,Radiação solar,Microgeracao,32.5,2016-08-31
AC,Norte,1200401,Rio Branco,Comercial,Radiação solar,Microgeracao,2.0,2016-10-31
AC,Norte,1200401,Rio Branco,Residencial,Radiação solar,Microgeracao,2.0,2016-08-25
AC,Norte,1200401,Rio Branco,Residencial,Radiação solar,Microgeracao,5.0,2017-03-09
AC,Norte,1200401,Rio Branco,Residencial,Radiação solar,Microgeracao,5.0,2017-07-29
AC,Norte,1200401,Rio Branco,Residencial,Radiação solar,Microgeracao,8.2,2017-10-05
AC,Norte,1200401,Rio Branco,Residencial,Radiação solar,Microgeracao,3.0,2017-11-22
AC,Norte,1200401,Rio Branco,Residencial,Radiação solar,Microgeracao,10.4,2017-12-01
AC,Norte,1200401,Rio Branco,Residencial,Radiação solar,Microgeracao,5.0,2018-01-03
AC,Norte,1200401,Rio Branco,Residencial,Radiação solar,Microgeracao,6.5,2017-12-26
AC,Norte,1200401,Rio Branco,Residencial,Radiação solar,Microgeracao,7.8,2017-12-28
AC,Norte,1200401,Rio Branco,Comercial,Radiação solar,Microgeracao,51.48,2018-03-17
AC,Norte,1200401,Rio Branco,Residencial,Radiação solar,Microgeracao,9.45,2018-03-21
AC,Norte,1200401,Rio Branco,Residencial,Radiação solar,Microgeracao,7.26,2017-12-04
AC,Norte,1200401,Rio Branco,Residencial,Radiação solar,Microgeracao,3.65,2018-02-19
AC,Norte,1200401,Rio Branco,Residencial,Radiação solar,Microgeracao,10.08,2017-12-21
AC,Norte,1200401,Rio Branco,Residencial,Radiação solar,Microgeracao,3.0,2018-02-19
AC,Norte,1200401,Rio Branco,Residencial,Radiação solar,Microgeracao,5.15,2018-05-15
AC,Norte,1200401,Rio Branco,Residencial,Radiação solar,Microgeracao,4.62,2018-07-05
AC,Norte,1200401,Rio Branco,Industrial,Radiação solar,Microgeracao,34.32,2018-06-07
AC,Norte,1200401,Rio Branco,Comercial,Radiação solar,Microgeracao,17.82,2018-06-08
AC,Norte,1200401,Rio Branco,Residencial,Radiação solar,Microgeracao,10.56,2018-07-30
AC,Norte,1200401,Rio Branco,Residencial,Radiação solar,Microgeracao,3.3,2018-08-01
AC,Norte,1200450,Senador Guiomard,Residencial,Radiação solar,Microgeracao,2.6,2018-10-16
AC,Norte,1200104,Brasiléia,Comercial,Radiação solar,Microgeracao,33.0,2018-11-28
AC,Norte,1200401,Rio Branco,Comercial,Radiação solar,Microgeracao,10.0,2018-11-07
AC,Norte,1200401,Rio Branco,Residencial,Radiação solar,Microgeracao,5.2,2018-11-08
AC,Norte,1200401,Rio Branco,Residencial,Radiação solar,Microgeracao,5.28,2018-12-10
AC,Norte,1200401,Rio Branco,Residencial,Radiação solar,Microgeracao,10.56,2018-12-06
AC,Norte,1200401,Rio Branco,Comercial,Radiação solar,Microgeracao,41.0,2017-09-13
AC,Norte,1200401,Rio Branco,Comercial,Radiação solar,Microgeracao,5.94,2018-12-05
AC,Norte,1200401,Rio Branco,Residencial,Radiação solar,Microgeracao,10.56,2018-12-05
AC,Norte,1200401,Rio Branco,Residencial,Radiação solar,Microgeracao,13.65,2018-10-19
AC,Norte,1200401,Rio Branco,Residencial,Radiação solar,Microgeracao,10.56,2019-02-04
AC,Norte,1200401,Rio Branco,Residencial,Radiação solar,Microgeracao,10.07,2019-01-31
AC,Norte,1200401,Rio Branco,Residencial,Radiação solar,Microgeracao,5.28,2019-01-29
AC,Norte,1200401,Rio Branco,Rural,Radiação solar,Microgeracao,3.96,2019-01-25
AC,Norte,1200401,Rio Branco,Residencial,Radiação solar,Microgeracao,2.64,2019-01-21
AC,Norte,1200401,Rio Branco,Residencial,Radiação solar,Microgeracao,29.7,2019-01-22
AC,Norte,1200401,Rio Branco,Residencial,Radiação solar,Microgeracao,15.84,2019-01-25
AC,Norte,1200401,Rio Branco,Residencial,Radiação solar,Microgeracao,3.96,2019-01-28
AC,Norte,1200401,Rio Branco,Residencial,Radiação solar,Microgeracao,5.94,2019-01-21
AC,Norte,1200401,Rio Branco,Residencial,Radiação solar,Microgeracao,5.94,2019-01-16
AC,Norte,1200401,Rio Branco,Comercial,Radiação solar,Microgeracao,9.24,2019-01-16
AC,Norte,1200401,Rio Branco,Residencial,Radiação solar,Microgeracao,7.26,2019-02-08
AC,Norte,1200401,Rio Branco,Comercial,Radiação solar,Microgeracao,11.22,2019-02-25
AC,Norte,1200401,Rio Branco,Residencial,Radiação solar,Microgeracao,23.36,2019-03-14
AC,Norte,1200401,Rio Branco,Residencial,Radiação solar,Microgeracao,8.12,2019-02-26
AC,Norte,1200401,Rio Branco,Residencial,Radiação solar,Microgeracao,5.28,2019-03-18
AC,Norte,1200401,Rio Branco,Residencial,Radiação solar,Microgeracao,10.22,2019-03-19
AC,Norte,1200401,Rio Branco,Residencial,Radiação solar,Microgeracao,9.24,2019-03-18
AC,Norte,1200401,Rio Branco,Comercial,Radiação solar,Microgeracao,10.95,2019-03-15
AC,Norte,1200401,Rio Branco,Residencial,Radiação solar,Microgeracao,2.64,2019-04-03
AC,Norte,1200401,Rio Branco,Residencial,Radiação solar,Microgeracao,6.03,2019-04-09
AC,Norte,1200401,Rio Branco,Comercial,Radiação solar,Microgeracao,33.66,2019-04-15
AC,Norte,1200401,Rio Branco,Residencial,Radiação solar,Microgeracao,43.89,2019-04-03
AC,Norte,1200401,Rio Branco,Residencial,Radiação solar,Microgeracao,4.62,2019-04-04
AC,Norte,1200807,Porto Acre,Rural,Radiação solar,Microgeracao,9.38,2019-04-16
AC,Norte,1200401,Rio Branco,Residencial,Radiação solar,Microgeracao,5.69,2019-05-29
AC,Norte,1200401,Rio Branco,Residencial,Radiação solar,Microgeracao,7.3,2019-05-29
AC,Norte,1200401,Rio Branco,Residencial,Radiação solar,Microgeracao,7.26,2019-04-24
AC,Norte,1200401,Rio Branco,Residencial,Radiação solar,Microgeracao,9.38,2019-06-18
AC,Norte,1200401,Rio Branco,Residencial,Radiação solar,Microgeracao,3.84,2019-06-21
AC,Norte,1200401,Rio Branco,Residencial,Radiação solar,Microgeracao,7.37,2019-06-18
AC,Norte,1200609,Tarauacá,Residencial,Radiação solar,Microgeracao,3.35,2019-06-19
AC,Norte,1200401,Rio Branco,Residencial,Radiação solar,Microgeracao,7.47,2019-06-27
AC,Norte,1200401,Rio Branco,Residencial,Radiação solar,Microgeracao,6.6,2019-06-27
AC,Norte,1200401,Rio Branco,Residencial,Radiação solar,Microgeracao,20.1,2019-06-05
AC,Norte,1200401,Rio Branco,Residencial,Radiação solar,Microgeracao,5.28,2019-07-22
AC,Norte,1200401,Rio Branco,Residencial,Radiação solar,Microgeracao,9.24,2019-07-25
AC,Norte,1200401,Rio Branco,Residencial,Radiação solar,Microgeracao,8.71,2019-08-19
AC,Norte,1200401,Rio Branco,Comercial,Radiação solar,Microgeracao,36.96,2019-08-07
AC,Norte,1200401,Rio Branco,Residencial,Radiação solar,Microgeracao,6.18,2019-07-17
AC,Norte,1200203,Cruzeiro do Sul,Residencial,Radiação solar,Microgeracao,8.71,2019-06-07
AC,Norte,1200401,Rio Branco,Residencial,Radiação solar,Microgeracao,3.35,2019-07-03
AC,Norte,1200401,Rio Branco,Residencial,Radiação solar,Microgeracao,4.69,2019-08-22
AC,Norte,1200401,Rio Branco,Residencial,Radiação solar,Microgeracao,2.28,2019-08-02
AC,Norte,1200401,Rio Branco,Industrial,Radiação solar,Microgeracao,20.1,2019-04-09
AC,Norte,1200401,Rio Branco,Residencial,Radiação solar,Microgeracao,6.7,2019-07-04
AC,Norte,1200609,Tarauacá,Comercial,Radiação solar,Microgeracao,12.06,2019-06-19
AC,Norte,1200401,Rio Branco,Comercial,Radiação solar,Microgeracao,44.55,2019-01-30
AC,Norte,1200401,Rio Branco,Residencial,Radiação solar,Microgeracao,8.2,2019-04-05
AC,Norte,1200401,Rio Branco,Comercial,Radiação solar,Microgeracao,12.06,2019-09-13
AC,Norte,1200401,Rio Branco,Comercial,Radiação solar,Microgeracao,40.2,2017-06-06
AC,Norte,1200179,Capixaba,Comercial,Radiação solar,Microgeracao,37.52,2019-09-18
AC,Norte,1200401,Rio Branco,Comercial,Radiação solar,Microgeracao,12.06,2019-10-24
AC,Norte,1200401,Rio Branco,Residencial,Radiação solar,Microgeracao,8.2,2019-10-24
AC,Norte,1200401,Rio Branco,Residencial,Radiação solar,Microgeracao,8.8,2019-10-23
AC,Norte,1200401,Rio Branco,Residencial,Radiação solar,Microgeracao,8.76,2019-10-25
AC,Norte,1200401,Rio Branco,Residencial,Radiação solar,Microgeracao,6.03,2019-09-16
AC,Norte,1200401,Rio Branco,Residencial,Radiação solar,Microgeracao,5.36,2019-06-04
AC,Norte,1200401,Rio Branco,Residencial,Radiação solar,Microgeracao,8.04,2019-11-05
AC,Norte,1200401,Rio Branco,Residencial,Radiação solar,Microgeracao,10.0,2019-11-11
AC,Norte,1200401,Rio Branco,Residencial,Radiação solar,Microgeracao,8.04,2019-11-01
AC,Norte,1200401,Rio Branco,Residencial,Radiação solar,Microgeracao,4.8,2019-10-24
AC,Norte,1200401,Rio Branco,Comercial,Radiação solar,Microgeracao,60.0,2019-09-10
AC,Norte,1200401,Rio Branco,Comercial,Radiação solar,Microgeracao,10.72,2019-09-03
AC,Norte,1200401,Rio Branco,Comercial,Radiação solar,Microgeracao,7.37,2019-10-07
AC,Norte,1200401,Rio Branco,Comercial,Radiação solar,Microgeracao,30.15,2019-09-19
AC,Norte,1200401,Rio Branco,Comercial,Radiação solar,Microgeracao,2.64,2019-10-08
AC,Norte,1200401,Rio Branco,Residencial,Radiação solar,Microgeracao,3.0,2019-04-29
AC,Norte,1200609,Tarauacá,Residencial,Radiação solar,Microgeracao,8.84,2019-09-11
AC,Norte,1200013,Acrelândia,Comercial,Radiação solar,Microgeracao,25.46,2019-08-02
AC,Norte,1200401,Rio Branco,Residencial,Radiação solar,Microgeracao,10.05,2019-10-29
AC,Norte,1200302,Feijó,Residencial,Radiação solar,Microgeracao,5.85,2019-09-12
AC,Norte,1200401,Rio Branco,Residencial,Radiação solar,Microgeracao,3.35,2017-06-21
AC,Norte,1200401,Rio Branco,Residencial,Radiação solar,Microgeracao,6.7,2019-08-05
AC,Norte,1200203,Cruzeiro do Sul,Comercial,Radiação solar,Microgeracao,10.72,2019-01-05
AC,Norte,1200401,Rio Branco,Residencial,Radiação solar,Microgeracao,6.03,2019-08-28
AC,Norte,1200401,Rio Branco,Residencial,Radiação solar,Microgeracao,4.69,2019-07-01
AC,Norte,1200401,Rio Branco,Residencial,Radiação solar,Microgeracao,8.71,2019-06-17
AC,Norte,1200609,Tarauacá,Residencial,Radiação solar,Microgeracao,8.71,2019-06-17
AC,Norte,1200401,Rio Branco,Residencial,Radiação solar,Microgeracao,1.0,2019-05-21
AC,Norte,1200401,Rio Branco,Residencial,Radiação solar,Microgeracao,6.7,2019-08-22
AC,Norte,1200401,Rio Branco,Comercial,Radiação solar,Microgeracao,60.3,2019-10-15
AC,Norte,1200401,Rio Branco,Residencial,Radiação solar,Microgeracao,6.7,2019-10-18
AC,Norte,1200401,Rio Branco,Residencial,Radiação solar,Microgeracao,6.37,2019-08-02
AC,Norte,1200401,Rio Branco,Residencial,Radiação solar,Microgeracao,46.23,2019-09-11
AC,Norte,1200401,Rio Branco,Residencial,Radiação solar,Microgeracao,48.24,2019-11-19
AC,Norte,1200401,Rio Branco,Residencial,Radiação solar,Microgeracao,18.76,2017-04-10
AC,Norte,1200450,Senador Guiomard,Rural,Radiação solar,Microgeracao,10.0,2019-12-10
AC,Norte,1200401,Rio Branco,Residencial,Radiação solar,Microgeracao,24.0,2019-12-13
AC,Norte,1200401,Rio Branco,Residencial,Radiação solar,Microgeracao,8.16,2019-12-12
AC,Norte,1200401,Rio Branco,Residencial,Radiação solar,Microgeracao,9.38,2019-12-12
AC,Norte,1200401,Rio Branco,Residencial,Radiação solar,Microgeracao,5.44,2019-12-12
AC,Norte,1200401,Rio Branco,Residencial,Radiação solar,Microgeracao,5.0,2019-11-14
AC,Norte,1200401,Rio Branco,Residencial,Radiação solar,Microgeracao,5.0,2019-11-13
AC,Norte,1200179,Capixaba,Comercial,Radiação solar,Microgeracao,75.0,2019-09-20
AC,Norte,1200401,Rio Branco,Residencial,Radiação solar,Microgeracao,6.12,2019-12-19
AC,Norte,1200401,Rio Branco,Residencial,Radiação solar,Microgeracao,10.0,2019-12-20
AC,Norte,1200401,Rio Branco,Rural,Radiação solar,Microgeracao,6.7,2019-10-31
AC,Norte,1200401,Rio Branco,Comercial,Radiação solar,Microgeracao,5.44,2019-11-29
AC,Norte,1200401,Rio Branco,Residencial,Radiação solar,Microgeracao,5.36,2019-12-20
AC,Norte,1200609,Tarauacá,Residencial,Radiação solar,Microgeracao,7.48,2019-12-19
AC,Norte,1200609,Tarauacá,Residencial,Radiação solar,Microgeracao,5.44,2019-12-19
AC,Norte,1200609,Tarauacá,Comercial,Radiação solar,Microgeracao,9.18,2019-12-19
AC,Norte,1200013,Acrelândia,Rural,Radiação solar,Microgeracao,4.0,2019-12-23
AC,Norte,1200013,Acrelândia,Rural,Radiação solar,Microgeracao,5.36,2019-12-23
AC,Norte,1200401,Rio Branco,Residencial,Radiação solar,Microgeracao,7.2,2019-12-24
AC,Norte,1200450,Senador Guiomard,Residencial,Radiação solar,Microgeracao,10.0,2019-12-24
AC,Norte,1200401,Rio Branco,Residencial,Radiação solar,Microgeracao,6.12,2019-12-31
AC,Norte,1200401,Rio Branco,Comercial,Radiação solar,Microgeracao,30.15,2019-12-31
AC,Norte,1200401,Rio Branco,Residencial,Radiação solar,Microgeracao,14.74,2017-03-13
AC,Norte,1200401,Rio Branco,Comercial,Radiação solar,Microgeracao,5.0,2019-12-30
AC,Norte,1200401,Rio Branco,Residencial,Radiação solar,Microgeracao,6.7,2019-12-30
AC,Norte,1200401,Rio Branco,Residencial,Radiação solar,Microgeracao,5.0,2019-12-30
AC,Norte,1200401,Rio Branco,Comercial,Radiação solar,Microgeracao,14.82,2020-01-10
AC,Norte,1200203,Cruzeiro do Sul,Residencial,Radiação solar,Microgeracao,8.2,2020-01-02
AC,Norte,1200401,Rio Branco,Residencial,Radiação solar,Microgeracao,6.8,2020-01-08
AC,Norte,1200401,Rio Branco,Residencial,Radiação solar,Microgeracao,8.71,2020-01-06
AC,Norte,1200450,Senador Guiomard,Comercial,Radiação solar,Microgeracao,10.0,2019-11-28
AC,Norte,1200401,Rio Branco,Residencial,Radiação solar,Microgeracao,3.0,2020-01-14
AC,Norte,1200013,Acrelândia,Comercial,Radiação solar,Microgeracao,8.04,2020-01-14
AC,Norte,1200401,Rio Branco,Residencial,Radiação solar,Microgeracao,8.71,2020-01-08
AC,Norte,1200401,Rio Branco,Residencial,Radiação solar,Microgeracao,5.0,2020-01-10
AC,Norte,1200401,Rio Branco,Residencial,Radiação solar,Microgeracao,5.94,2020-01-10
AC,Norte,1200401,Rio Branco,Rural,Radiação solar,Microgeracao,20.1,2020-01-15
AC,Norte,1200401,Rio Branco,Residencial,Radiação solar,Microgeracao,6.7,2019-11-08
AC,Norte,1200401,Rio Branco,Residencial,Radiação solar,Microgeracao,7.5,2019-10-24
AC,Norte,1200203,Cruzeiro do Sul,Residencial,Radiação solar,Microgeracao,7.35,2020-01-02
AC,Norte,1200401,Rio Branco,Residencial,Radiação solar,Microgeracao,9.38,2019-03-09
AC,Norte,1200401,Rio Branco,Residencial,Radiação solar,Microgeracao,5.0,2020-01-30
AC,Norte,1200401,Rio Branco,Residencial,Radiação solar,Microgeracao,5.0,2020-01-29
AC,Norte,1200401,Rio Branco,Comercial,Radiação solar,Microgeracao,10.0,2020-01-29
AC,Norte,1200401,Rio Branco,Residencial,Radiação solar,Microgeracao,6.8,2020-01-29
AC,Norte,1200401,Rio Branco,Comercial,Radiação solar,Microgeracao,23.2,2020-01-31
AC,Norte,1200401,Rio Branco,Comercial,Radiação solar,Microgeracao,56.95,2020-02-03
AC,Norte,1200401,Rio Branco,Comercial,Radiação solar,Microgeracao,20.1,2020-02-05
AC,Norte,1200401,Rio Branco,Residencial,Radiação solar,Microgeracao,6.7,2020-02-04
AC,Norte,1200401,Rio Branco,Residencial,Radiação solar,Microgeracao,5.78,2020-02-06
AC,Norte,1200401,Rio Branco,Residencial,Radiação solar,Microgeracao,10.0,2020-02-06
AC,Norte,1200401,Rio Branco,Residencial,Radiação solar,Microgeracao,5.0,2020-02-06
AC,Norte,1200401,Rio Branco,Residencial,Radiação solar,Microgeracao,10.72,2020-02-13
AC,Norte,1200302,Feijó,Comercial,Radiação solar,Microgeracao,39.6,2019-07-25
AC,Norte,1200203,Cruzeiro do Sul,Residencial,Radiação solar,Microgeracao,4.08,2020-02-11
AC,Norte,1200401,Rio Branco,Residencial,Radiação solar,Microgeracao,8.0,2020-02-17
AC,Norte,1200401,Rio Branco,Residencial,Radiação solar,Microgeracao,7.37,2020-02-12
AC,Norte,1200401,Rio Branco,Residencial,Radiação solar,Microgeracao,25.0,2020-02-19
AC,Norte,1200401,Rio Branco,Residencial,Radiação solar,Microgeracao,12.0,2020-02-19
AC,Norte,1200450,Senador Guiomard,Residencial,Radiação solar,Microgeracao,5.0,2020-02-19
AC,Norte,1200401,Rio Branco,Residencial,Radiação solar,Microgeracao,5.0,2020-02-17
AC,Norte,1200401,Rio Branco,Residencial,Radiação solar,Microgeracao,7.92,2020-02-17
AC,Norte,1200401,Rio Branco,Residencial,Radiação solar,Microgeracao,11.55,2020-02-14
AC,Norte,1200013,Acrelândia,Comercial,Radiação solar,Microgeracao,30.0,2020-02-14
AC,Norte,1200401,Rio Branco,Comercial,Radiação solar,Microgeracao,26.4,2020-02-14
AC,Norte,1200401,Rio Branco,Residencial,Radiação solar,Microgeracao,8.0,2020-02-17
AC,Norte,1200401,Rio Branco,Residencial,Radiação solar,Microgeracao,10.0,2020-01-31
AC,Norte,1200401,Rio Branco,Comercial,Radiação solar,Microgeracao,28.6,2020-02-20
AC,Norte,1200302,Feijó,Residencial,Radiação solar,Microgeracao,3.9,2019-10-09
AC,Norte,1200302,Feijó,Residencial,Radiação solar,Microgeracao,5.85,2019-10-08
AC,Norte,1200302,Feijó,Residencial,Radiação solar,Microgeracao,3.9,2019-10-08
AC,Norte,1200401,Rio Branco,Residencial,Radiação solar,Microgeracao,7.92,2020-03-03
AC,Norte,1200401,Rio Branco,Residencial,Radiação solar,Microgeracao,8.91,2020-03-03
AC,Norte,1200401,Rio Branco,Residencial,Radiação solar,Microgeracao,16.4,2020-03-04
AC,Norte,1200401,Rio Branco,Comercial,Radiação solar,Microgeracao,36.72,2020-03-04
AC,Norte,1200401,Rio Branco,Residencial,Radiação solar,Microgeracao,16.08,2020-02-19
AC,Norte,1200401,Rio Branco,Residencial,Radiação solar,Microgeracao,10.05,2020-02-26
AC,Norte,1200401,Rio Branco,Residencial,Radiação solar,Microgeracao,7.37,2020-02-14
AC,Norte,1200013,Acrelândia,Comercial,Radiação solar,Microgeracao,70.47,2020-02-15
AC,Norte,1200401,Rio Branco,Comercial,Radiação solar,Microgeracao,51.75,2020-02-19
AC,Norte,1200013,Acrelândia,Comercial,Radiação solar,Microgeracao,10.53,2020-02-18
AC,Norte,1200401,Rio Branco,Residencial,Radiação solar,Microgeracao,8.2,2020-03-24
AC,Norte,1200401,Rio Branco,Residencial,Radiação solar,Microgeracao,5.36,2020-03-18
AC,Norte,1200302,Feijó,Residencial,Radiação solar,Microgeracao,60.0,2020-03-25
AC,Norte,1200401,Rio Branco,Residencial,Radiação solar,Microgeracao,10.0,2020-03-19
AC,Norte,1200401,Rio Branco,Residencial,Radiação solar,Microgeracao,6.7,2020-03-23
AC,Norte,1200401,Rio Branco,Comercial,Radiação solar,Microgeracao,25.0,2020-03-20
AC,Norte,1200401,Rio Branco,Residencial,Radiação solar,Microgeracao,9.18,2020-03-18
AC,Norte,1200401,Rio Branco,Residencial,Radiação solar,Microgeracao,5.17,2020-03-20
AC,Norte,1200401,Rio Branco,Residencial,Radiação solar,Microgeracao,5.0,2020-03-24
AC,Norte,1200401,Rio Branco,Residencial,Radiação solar,Microgeracao,6.8,2020-03-24
AC,Norte,1200401,Rio Branco,Residencial,Radiação solar,Microgeracao,6.7,2020-03-23
AC,Norte,1200401,Rio Branco,Residencial,Radiação solar,Microgeracao,7.6,2020-03-20
AC,Norte,1200401,Rio Branco,Residencial,Radiação solar,Microgeracao,5.17,2020-03-11
AC,Norte,1200401,Rio Branco,Comercial,Radiação solar,Microgeracao,10.0,2020-03-11
AC,Norte,1200401,Rio Branco,Residencial,Radiação solar,Microgeracao,4.0,2020-03-05
AC,Norte,1200401,Rio Branco,Residencial,Radiação solar,Microgeracao,8.0,2020-03-11
AC,Norte,1200401,Rio Branco,Residencial,Radiação solar,Microgeracao,3.4,2020-03-11
AC,Norte,1200401,Rio Branco,Residencial,Radiação solar,Microgeracao,4.02,2020-05-08
AC,Norte,1200401,Rio Branco,Residencial,Radiação solar,Microgeracao,4.38,2020-04-02
AC,Norte,1200401,Rio Branco,Residencial,Radiação solar,Microgeracao,6.0,2020-05-08
AC,Norte,1200401,Rio Branco,Residencial,Radiação solar,Microgeracao,3.0,2020-05-25
AC,Norte,1200401,Rio Branco,Rural,Radiação solar,Microgeracao,6.0,2020-04-20
AC,Norte,1200401,Rio Branco,Rural,Radiação solar,Microgeracao,5.0,2020-05-15
AC,Norte,1200401,Rio Branco,Residencial,Radiação solar,Microgeracao,7.5,2020-05-15
AC,Norte,1200401,Rio Branco,Residencial,Radiação solar,Microgeracao,5.0,2020-05-15
AC,Norte,1200401,Rio Branco,Residencial,Radiação solar,Microgeracao,9.24,2020-05-28
AC,Norte,1200401,Rio Branco,Residencial,Radiação solar,Microgeracao,30.0,2020-05-28
AC,Norte,1200401,Rio Branco,Residencial,Radiação solar,Microgeracao,8.0,2020-05-13
AC,Norte,1200401,Rio Branco,Residencial,Radiação solar,Microgeracao,2.68,2020-05-13
AC,Norte,1200401,Rio Branco,Residencial,Radiação solar,Microgeracao,5.0,2020-05-29
AC,Norte,1200609,Tarauacá,Residencial,Radiação solar,Microgeracao,10.0,2020-05-13
AC,Norte,1200302,Feijó,Residencial,Radiação solar,Microgeracao,24.06,2020-05-14
AC,Norte,1200302,Feijó,Residencial,Radiação solar,Microgeracao,8.0,2020-05-14
AC,Norte,1200401,Rio Branco,Residencial,Radiação solar,Microgeracao,4.0,2020-05-21
AC,Norte,1200401,Rio Branco,Residencial,Radiação solar,Microgeracao,3.0,2020-05-20
AC,Norte,1200401,Rio Branco,Residencial,Radiação solar,Microgeracao,4.0,2020-05-20
AC,Norte,1200401,Rio Branco,Residencial,Radiação solar,Microgeracao,6.0,2020-05-15
AC,Norte,1200401,Rio Branco,Residencial,Radiação solar,Microgeracao,8.2,2020-05-21
AC,Norte,1200609,Tarauacá,Residencial,Radiação solar,Microgeracao,10.0,2020-05-20
AC,Norte,1200401,Rio Branco,Residencial,Radiação solar,Microgeracao,6.48,2020-03-06
AC,Norte,1200401,Rio Branco,Residencial,Radiação solar,Microgeracao,6.27,2020-03-05
AC,Norte,1200401,Rio Branco,Comercial,Radiação solar,Microgeracao,29.26,2020-03-05
AC,Norte,1200401,Rio Branco,Residencial,Radiação solar,Microgeracao,15.0,2020-02-19
AC,Norte,1200401,Rio Branco,Residencial,Radiação solar,Microgeracao,3.0,2020-02-04
AC,Norte,1200401,Rio Branco,Residencial,Radiação solar,Microgeracao,8.2,2020-03-10
AC,Norte,1200401,Rio Branco,Residencial,Radiação solar,Microgeracao,8.2,2020-05-29
AC,Norte,1200609,Tarauacá,Residencial,Radiação solar,Microgeracao,11.82,2020-06-01
AC,Norte,1200401,Rio Branco,Residencial,Radiação solar,Microgeracao,3.0,2018-10-08
AC,Norte,1200401,Rio Branco,Residencial,Radiação solar,Microgeracao,8.0,2020-06-18
AC,Norte,1200401,Rio Branco,Residencial,Radiação solar,Microgeracao,5.0,2020-07-02
AC,Norte,1200401,Rio Branco,Residencial,Radiação solar,Microgeracao,4.0,2019-06-13
AC,Norte,1200708,Xapuri,Residencial,Radiação solar,Microgeracao,12.0,2020-07-17
AC,Norte,1200401,Rio Branco,Residencial,Radiação solar,Microgeracao,3.96,2020-07-15
AC,Norte,1200401,Rio Branco,Residencial,Radiação solar,Microgeracao,8.0,2020-07-16
AC,Norte,1200401,Rio Branco,Residencial,Radiação solar,Microgeracao,3.1,2020-08-06
AC,Norte,1200401,Rio Branco,Comercial,Radiação solar,Microgeracao,25.0,2020-08-14
AC,Norte,1200401,Rio Branco,Residencial,Radiação solar,Microgeracao,6.0,2020-08-14
AC,Norte,1200401,Rio Branco,Residencial,Radiação solar,Microgeracao,5.0,2020-08-14
AC,Norte,1200401,Rio Branco,Residencial,Radiação solar,Microgeracao,8.0,2020-08-13
AC,Norte,1200401,Rio Branco,Residencial,Radiação solar,Microgeracao,15.0,2020-08-06
AC,Norte,1200401,Rio Branco,Residencial,Radiação solar,Microgeracao,8.2,2020-08-10
AC,Norte,1200401,Rio Branco,Residencial,Radiação solar,Microgeracao,6.0,2020-08-05
AC,Norte,1200401,Rio Branco,Industrial,Radiação solar,Microgeracao,46.0,2020-05-22
AC,Norte,1200807,Porto Acre,Industrial,Radiação solar,Microgeracao,75.0,2020-06-17
AC,Norte,1200401,Rio Branco,Residencial,Radiação solar,Microgeracao,8.2,2020-08-18
AC,Norte,1200013,Acrelândia,Rural,Radiação solar,Microgeracao,72.36,2020-08-17
AC,Norte,1200401,Rio Branco,Residencial,Radiação solar,Microgeracao,3.0,2020-07-13
AC,Norte,1200401,Rio Branco,Rural,Radiação solar,Microgeracao,8.2,2020-07-13
AC,Norte,1200401,Rio Branco,Residencial,Radiação solar,Microgeracao,9.24,2020-07-13
AC,Norte,1200401,Rio Branco,Residencial,Radiação solar,Microgeracao,4.69,2020-07-06
AC,Norte,1200401,Rio Branco,Comercial,Radiação solar,Microgeracao,32.0,2020-06-30
AC,Norte,1200401,Rio Branco,Residencial,Radiação solar,Microgeracao,5.0,2020-06-30
AC,Norte,1200401,Rio Branco,Residencial,Radiação solar,Microgeracao,3.0,2020-06-25
AC,Norte,1200401,Rio Branco,Rural,Radiação solar,Microgeracao,5.0,2020-06-19
AC,Norte,1200401,Rio Branco,Residencial,Radiação solar,Microgeracao,10.0,2020-06-19
AC,Norte,1200401,Rio Branco,Residencial,Radiação solar,Microgeracao,4.69,2020-08-19
AC,Norte,1200401,Rio Branco,Residencial,Radiação solar,Microgeracao,6.0,2020-08-19
AC,Norte,1200013,Acrelândia,Residencial,Radiação solar,Microgeracao,15.0,2020-07-21
AC,Norte,1200401,Rio Branco,Residencial,Radiação solar,Microgeracao,5.0,2020-07-21
AC,Norte,1200401,Rio Branco,Residencial,Radiação solar,Microgeracao,5.0,2020-07-21
AC,Norte,1200401,Rio Branco,Residencial,Radiação solar,Microgeracao,7.2,2020-07-20
AC,Norte,1200401,Rio Branco,Residencial,Radiação solar,Microgeracao,6.0,2020-07-20
AC,Norte,1200385,Plácido de Castro,Comercial,Radiação solar,Microgeracao,10.0,2020-07-24
AC,Norte,1200401,Rio Branco,Residencial,Radiação solar,Microgeracao,5.0,2020-07-23
AC,Norte,1200104,Brasiléia,Residencial,Radiação solar,Microgeracao,7.5,2020-07-21
AC,Norte,1200401,Rio Branco,Residencial,Radiação solar,Microgeracao,10.0,2020-07-15
AC,Norte,1200401,Rio Branco,Residencial,Radiação solar,Microgeracao,6.0,2020-07-15
AC,Norte,1200401,Rio Branco,Residencial,Radiação solar,Microgeracao,16.4,2020-07-06
AC,Norte,1200401,Rio Branco,Comercial,Radiação solar,Microgeracao,30.0,2020-07-06
AC,Norte,1200401,Rio Branco,Residencial,Radiação solar,Microgeracao,9.84,2020-05-29
AC,Norte,1200401,Rio Branco,Residencial,Radiação solar,Microgeracao,8.0,2020-05-29
AC,Norte,1200401,Rio Branco,Residencial,Radiação solar,Microgeracao,6.0,2020-07-06
AC,Norte,1200450,Senador Guiomard,Residencial,Radiação solar,Microgeracao,3.0,2020-07-06
AC,Norte,1200401,Rio Branco,Residencial,Radiação solar,Microgeracao,4.76,2020-06-25
AC,Norte,1200302,Feijó,Residencial,Radiação solar,Microgeracao,8.45,2020-05-19
AC,Norte,1200609,Tarauacá,Residencial,Radiação solar,Microgeracao,5.0,2020-06-30
AC,Norte,1200401,Rio Branco,Comercial,Radiação solar,Microgeracao,67.67,2020-04-06
AC,Norte,1200401,Rio Branco,Residencial,Radiação solar,Microgeracao,8.0,2020-04-13
AC,Norte,1200401,Rio Branco,Residencial,Radiação solar,Microgeracao,4.0,2020-04-13
AC,Norte,1200328,Jordão,Residencial,Radiação solar,Microgeracao,4.0,2020-07-21
AC,Norte,1200401,Rio Branco,Residencial,Radiação solar,Microgeracao,5.0,2020-08-04
AC,Norte,1200401,Rio Branco,Rural,Radiação solar,Microgeracao,29.2,2020-04-20
AC,Norte,1200401,Rio Branco,Residencial,Radiação solar,Microgeracao,3.0,2020-06-30
AC,Norte,1200401,Rio Branco,Residencial,Radiação solar,Microgeracao,6.0,2020-05-22
AC,Norte,1200450,Senador Guiomard,Residencial,Radiação solar,Microgeracao,5.0,2020-05-22
AC,Norte,1200401,Rio Branco,Residencial,Radiação solar,Microgeracao,9.0,2020-07-06
AC,Norte,1200401,Rio Branco,Residencial,Radiação solar,Microgeracao,4.0,2020-08-19
AC,Norte,1200401,Rio Branco,Residencial,Radiação solar,Microgeracao,11.2,2020-08-06
AC,Norte,1200401,Rio Branco,Residencial,Radiação solar,Microgeracao,8.2,2020-08-11
AC,Norte,1200450,Senador Guiomard,Residencial,Radiação solar,Microgeracao,8.04,2020-08-11
AC,Norte,1200401,Rio Branco,Residencial,Radiação solar,Microgeracao,8.0,2020-08-21
AC,Norte,1200401,Rio Branco,Residencial,Radiação solar,Microgeracao,8.2,2020-07-13
AC,Norte,1200401,Rio Branco,Residencial,Radiação solar,Microgeracao,5.0,2025-03-07
AC,Norte,1200401,Rio Branco,Residencial,Radiação solar,Microgeracao,8.0,2020-07-13
AC,Norte,1200500,Sena Madureira,Residencial,Radiação solar,Microgeracao,13.0,2020-05-20
AC,Norte,1200401,Rio Branco,Residencial,Radiação solar,Microgeracao,24.6,2020-04-07
AC,Norte,1200401,Rio Branco,Residencial,Radiação solar,Microgeracao,7.5,2020-07-06
AC,Norte,1200401,Rio Branco,Comercial,Radiação solar,Microgeracao,7.59,2020-07-06
AC,Norte,1200401,Rio Branco,Comercial,Radiação solar,Microgeracao,24.12,2020-07-06
AC,Norte,1200401,Rio Branco,Residencial,Radiação solar,Microgeracao,5.0,2020-06-25
AC,Norte,1200401,Rio Branco,Residencial,Radiação solar,Microgeracao,10.72,2020-08-05
AC,Norte,1200401,Rio Branco,Comercial,Radiação solar,Microgeracao,10.0,2020-06-25
AC,Norte,1200401,Rio Branco,Residencial,Radiação solar,Microgeracao,10.0,2020-06-03
AC,Norte,1200401,Rio Branco,Residencial,Radiação solar,Microgeracao,10.0,2020-07-13
AC,Norte,1200401,Rio Branco,Residencial,Radiação solar,Microgeracao,5.0,2020-07-13
AC,Norte,1200401,Rio Branco,Residencial,Radiação solar,Microgeracao,6.8,2020-07-13
AC,Norte,1200401,Rio Branco,Residencial,Radiação solar,Microgeracao,7.18,2020-07-13
AC,Norte,1200401,Rio Branco,Comercial,Radiação solar,Microgeracao,6.0,2020-07-13
AC,Norte,1200203,Cruzeiro do Sul,Residencial,Radiação solar,Microgeracao,4.0,2020-04-08
AC,Norte,1200401,Rio Branco,Residencial,Radiação solar,Microgeracao,6.0,2020-05-15
AC,Norte,1200401,Rio Branco,Residencial,Radiação solar,Microgeracao,5.0,2020-05-19
AC,Norte,1200013,Acrelândia,Comercial,Radiação solar,Microgeracao,33.0,2020-05-15
AC,Norte,1200013,Acrelândia,Residencial,Radiação solar,Microgeracao,5.0,2020-05-15
AC,Norte,1200013,Acrelândia,Comercial,Radiação solar,Microgeracao,7.5,2020-05-15
AC,Norte,1200401,Rio Branco,Residencial,Radiação solar,Microgeracao,8.0,2020-05-15
AC,Norte,1200401,Rio Branco,Residencial,Radiação solar,Microgeracao,5.0,2020-05-15
AC,Norte,1200401,Rio Branco,Comercial,Radiação solar,Microgeracao,5.0,2020-05-18
AC,Norte,1200401,Rio Branco,Comercial,Radiação solar,Microgeracao,11.97,2025-07-24
AC,Norte,1200401,Rio Branco,Residencial,Radiação solar,Microgeracao,4.6,2020-05-27
AC,Norte,1200401,Rio Branco,Residencial,Radiação solar,Microgeracao,4.0,2020-05-27
AC,Norte,1200252,Epitaciolândia,Residencial,Radiação solar,Microgeracao,5.0,2020-08-07
AC,Norte,1200401,Rio Branco,Residencial,Radiação solar,Microgeracao,2.72,2020-08-17
AC,Norte,1200401,Rio Branco,Residencial,Radiação solar,Microgeracao,4.0,2020-07-16
AC,Norte,1200401,Rio Branco,Residencial,Radiação solar,Microgeracao,5.0,2020-07-16
AC,Norte,1200401,Rio Branco,Comercial,Radiação solar,Microgeracao,30.15,2020-04-03
AC,Norte,1200203,Cruzeiro do Sul,Residencial,Radiação solar,Microgeracao,7.5,2020-08-06
AC,Norte,1200401,Rio Branco,Residencial,Radiação solar,Microgeracao,5.0,2020-05-19
AC,Norte,1200401,Rio Branco,Residencial,Radiação solar,Microgeracao,4.6,2020-06-17
AC,Norte,1200401,Rio Branco,Residencial,Radiação solar,Microgeracao,10.23,2020-06-17
AC,Norte,1200401,Rio Branco,Residencial,Radiação solar,Microgeracao,4.0,2020-06-09
AC,Norte,1200401,Rio Branco,Residencial,Radiação solar,Microgeracao,10.23,2020-06-09
AC,Norte,1200401,Rio Branco,Residencial,Radiação solar,Microgeracao,5.0,2020-06-17
AC,Norte,1200401,Rio Branco,Comercial,Radiação solar,Microgeracao,75.0,2020-06-10
AC,Norte,1200401,Rio Branco,Residencial,Radiação solar,Microgeracao,5.0,2020-06-17
AC,Norte,1200401,Rio Branco,Residencial,Radiação solar,Microgeracao,6.0,2020-07-06
AC,Norte,1200401,Rio Branco,Residencial,Radiação solar,Microgeracao,4.0,2020-05-20
AC,Norte,1200401,Rio Branco,Comercial,Radiação solar,Microgeracao,40.0,2020-05-15
AC,Norte,1200401,Rio Branco,Residencial,Radiação solar,Microgeracao,6.0,2020-08-25
AC,Norte,1200401,Rio Branco,Residencial,Radiação solar,Microgeracao,4.68,2020-08-25
AC,Norte,1200401,Rio Branco,Residencial,Radiação solar,Microgeracao,6.0,2020-08-25
AC,Norte,1200401,Rio Branco,Residencial,Radiação solar,Microgeracao,14.74,2020-08-24
AC,Norte,1200401,Rio Branco,Residencial,Radiação solar,Microgeracao,8.0,2020-08-24
AC,Norte,1200401,Rio Branco,Residencial,Radiação solar,Microgeracao,8.0,2020-08-26
AC,Norte,1200401,Rio Branco,Residencial,Radiação solar,Microgeracao,5.0,2020-04-07
AC,Norte,1200401,Rio Branco,Residencial,Radiação solar,Microgeracao,6.0,2020-04-07
AC,Norte,1200401,Rio Branco,Residencial,Radiação solar,Microgeracao,8.2,2020-04-20
AC,Norte,1200401,Rio Branco,Residencial,Radiação solar,Microgeracao,3.0,2020-04-03
AC,Norte,1200401,Rio Branco,Comercial,Radiação solar,Microgeracao,20.1,2019-11-21
AC,Norte,1200401,Rio Branco,Residencial,Radiação solar,Microgeracao,14.04,2020-06-02
AC,Norte,1200450,Senador Guiomard,Rural,Radiação solar,Microgeracao,10.0,2020-04-20
AC,Norte,1200401,Rio Branco,Residencial,Radiação solar,Microgeracao,5.0,2020-04-07
AC,Norte,1200401,Rio Branco,Residencial,Radiação solar,Microgeracao,6.42,2020-08-27
AC,Norte,1200013,Acrelândia,Comercial,Radiação solar,Microgeracao,12.0,2020-08-28
AC,Norte,1200203,Cruzeiro do Sul,Residencial,Radiação solar,Microgeracao,3.96,2020-05-11
AC,Norte,1200401,Rio Branco,Residencial,Radiação solar,Microgeracao,1.3,2020-06-08
AC,Norte,1200401,Rio Branco,Comercial,Radiação solar,Microgeracao,12.0,2020-07-15
AC,Norte,1200450,Senador Guiomard,Residencial,Radiação solar,Microgeracao,1.2,2020-05-15
AC,Norte,1200401,Rio Branco,Residencial,Radiação solar,Microgeracao,6.5,2020-05-12
AC,Norte,1200401,Rio Branco,Residencial,Radiação solar,Microgeracao,2.4,2020-05-13
AC,Norte,1200609,Tarauacá,Residencial,Radiação solar,Microgeracao,5.84,2020-05-13
AC,Norte,1200401,Rio Branco,Residencial,Radiação solar,Microgeracao,5.24,2020-08-19
AC,Norte,1200401,Rio Branco,Residencial,Radiação solar,Microgeracao,1.57,2020-07-06
AC,Norte,1200401,Rio Branco,Comercial,Radiação solar,Microgeracao,30.0,2020-05-27
AC,Norte,1200401,Rio Branco,Residencial,Radiação solar,Microgeracao,5.4,2020-06-25
AC,Norte,1200401,Rio Branco,Residencial,Radiação solar,Microgeracao,8.16,2020-07-28
AC,Norte,1200401,Rio Branco,Residencial,Radiação solar,Microgeracao,3.9,2020-05-19
AC,Norte,1200401,Rio Branco,Residencial,Radiação solar,Microgeracao,5.84,2020-05-20
AC,Norte,1200401,Rio Branco,Residencial,Radiação solar,Microgeracao,5.0,2020-08-13
AC,Norte,1200401,Rio Branco,Residencial,Radiação solar,Microgeracao,11.22,2020-08-14
AC,Norte,1200401,Rio Branco,Residencial,Radiação solar,Microgeracao,6.0,2020-08-05
AC,Norte,1200401,Rio Branco,Residencial,Radiação solar,Microgeracao,5.2,2020-08-28
AC,Norte,1200385,Plácido de Castro,Residencial,Radiação solar,Microgeracao,6.03,2020-08-28
AC,Norte,1200401,Rio Branco,Residencial,Radiação solar,Microgeracao,5.0,2020-08-31
AC,Norte,1200401,Rio Branco,Residencial,Radiação solar,Microgeracao,5.0,2020-08-31
AC,Norte,1200401,Rio Branco,Residencial,Radiação solar,Microgeracao,19.12,2020-08-31
AC,Norte,1200385,Plácido de Castro,Comercial,Radiação solar,Microgeracao,7.5,2020-09-02
AC,Norte,1200708,Xapuri,Rural,Radiação solar,Microgeracao,8.0,2020-09-03
AC,Norte,1200708,Xapuri,Rural,Radiação solar,Microgeracao,8.0,2020-09-03
AC,Norte,1200401,Rio Branco,Residencial,Radiação solar,Microgeracao,11.04,2020-09-02
AC,Norte,1200401,Rio Branco,Residencial,Radiação solar,Microgeracao,8.0,2020-09-02
AC,Norte,1200401,Rio Branco,Residencial,Radiação solar,Microgeracao,6.0,2020-09-02
AC,Norte,1200401,Rio Branco,Comercial,Radiação solar,Microgeracao,60.0,2020-09-04
AC,Norte,1200401,Rio Branco,Comercial,Radiação solar,Microgeracao,25.44,2020-09-04
AC,Norte,1200401,Rio Branco,Residencial,Radiação solar,Microgeracao,4.0,2020-09-08
AC,Norte,1200385,Plácido de Castro,Comercial,Radiação solar,Microgeracao,33.0,2020-09-08
AC,Norte,1200401,Rio Branco,Residencial,Radiação solar,Microgeracao,6.0,2020-09-03
AC,Norte,1200401,Rio Branco,Residencial,Radiação solar,Microgeracao,12.73,2020-09-09
AC,Norte,1200401,Rio Branco,Residencial,Radiação solar,Microgeracao,4.69,2020-09-09
AC,Norte,1200401,Rio Branco,Residencial,Radiação solar,Microgeracao,4.68,2020-09-09
AC,Norte,1200401,Rio Branco,Serviço Público,Radiação solar,Microgeracao,12.0,2020-04-14
AC,Norte,1200013,Acrelândia,Residencial,Radiação solar,Microgeracao,7.5,2020-09-10
AC,Norte,1200401,Rio Branco,Residencial,Radiação solar,Microgeracao,7.36,2020-09-09
AC,Norte,1200302,Feijó,Residencial,Radiação solar,Microgeracao,4.55,2020-07-01
AC,Norte,1200203,Cruzeiro do Sul,Residencial,Radiação solar,Microgeracao,5.0,2020-09-04
AC,Norte,1200203,Cruzeiro do Sul,Residencial,Radiação solar,Microgeracao,8.5,2020-09-04
AC,Norte,1200401,Rio Branco,Comercial,Radiação solar,Microgeracao,18.0,2020-09-11
AC,Norte,1200401,Rio Branco,Residencial,Radiação solar,Microgeracao,7.4,2020-09-11
AC,Norte,1200401,Rio Branco,Residencial,Radiação solar,Microgeracao,6.6,2020-09-11
AC,Norte,1200401,Rio Branco,Residencial,Radiação solar,Microgeracao,8.16,2020-09-11
AC,Norte,1200450,Senador Guiomard,Residencial,Radiação solar,Microgeracao,8.0,2020-09-14
AC,Norte,1200385,Plácido de Castro,Comercial,Radiação solar,Microgeracao,15.0,2020-09-14
AC,Norte,1200401,Rio Branco,Residencial,Radiação solar,Microgeracao,6.0,2020-09-15
AC,Norte,1200401,Rio Branco,Residencial,Radiação solar,Microgeracao,4.0,2020-09-15
AC,Norte,1200401,Rio Branco,Residencial,Radiação solar,Microgeracao,7.5,2020-09-16
AC,Norte,1200401,Rio Branco,Residencial,Radiação solar,Microgeracao,15.0,2020-09-16
AC,Norte,1200401,Rio Branco,Residencial,Radiação solar,Microgeracao,4.62,2020-09-16
AC,Norte,1200401,Rio Branco,Residencial,Radiação solar,Microgeracao,5.0,2020-09-18
AC,Norte,1200401,Rio Branco,Residencial,Radiação solar,Microgeracao,1.7,2020-09-18
AC,Norte,1200401,Rio Branco,Residencial,Radiação solar,Microgeracao,3.0,2020-09-18
AC,Norte,1200302,Feijó,Residencial,Radiação solar,Microgeracao,3.0,2020-09-10
AC,Norte,1200302,Feijó,Residencial,Radiação solar,Microgeracao,5.2,2020-08-27
AC,Norte,1200401,Rio Branco,Residencial,Radiação solar,Microgeracao,7.55,2020-09-21
AC,Norte,1200401,Rio Branco,Residencial,Radiação solar,Microgeracao,3.0,2020-09-24
AC,Norte,1200401,Rio Branco,Residencial,Radiação solar,Microgeracao,4.6,2020-09-24
AC,Norte,1200401,Rio Branco,Residencial,Radiação solar,Microgeracao,6.32,2020-09-25
AC,Norte,1200401,Rio Branco,Comercial,Radiação solar,Microgeracao,32.64,2020-09-25
AC,Norte,1200252,Epitaciolândia,Residencial,Radiação solar,Microgeracao,25.46,2020-09-15
AC,Norte,1200401,Rio Branco,Comercial,Radiação solar,Microgeracao,55.0,2020-05-20
AC,Norte,1200203,Cruzeiro do Sul,Residencial,Radiação solar,Microgeracao,4.69,2020-09-21
AC,Norte,1200203,Cruzeiro do Sul,Residencial,Radiação solar,Microgeracao,3.0,2020-09-22
AC,Norte,1200609,Tarauacá,Comercial,Radiação solar,Microgeracao,5.0,2020-09-24
AC,Norte,1200203,Cruzeiro do Sul,Residencial,Radiação solar,Microgeracao,6.0,2020-09-29
AC,Norte,1200401,Rio Branco,Residencial,Radiação solar,Microgeracao,11.48,2020-09-30
AC,Norte,1200401,Rio Branco,Residencial,Radiação solar,Microgeracao,5.2,2020-09-30
AC,Norte,1200401,Rio Branco,Residencial,Radiação solar,Microgeracao,5.0,2020-10-26
AC,Norte,1200401,Rio Branco,Residencial,Radiação solar,Microgeracao,11.88,2020-10-26
AC,Norte,1200450,Senador Guiomard,Rural,Radiação solar,Microgeracao,27.0,2020-10-26
AC,Norte,1200401,Rio Branco,Residencial,Radiação solar,Microgeracao,15.0,2020-10-26
AC,Norte,1200401,Rio Branco,Residencial,Radiação solar,Microgeracao,5.0,2020-10-26
AC,Norte,1200401,Rio Branco,Residencial,Radiação solar,Microgeracao,7.0,2020-10-26
AC,Norte,1200401,Rio Branco,Residencial,Radiação solar,Microgeracao,8.0,2020-03-30
AC,Norte,1200401,Rio Branco,Residencial,Radiação solar,Microgeracao,7.5,2020-10-02
AC,Norte,1200013,Acrelândia,Comercial,Radiação solar,Microgeracao,27.5,2020-10-22
AC,Norte,1200385,Plácido de Castro,Comercial,Radiação solar,Microgeracao,22.0,2020-10-22
AC,Norte,1200401,Rio Branco,Residencial,Radiação solar,Microgeracao,1.3,2020-10-02
AC,Norte,1200401,Rio Branco,Residencial,Radiação solar,Microgeracao,48.24,2020-10-02
AC,Norte,1200401,Rio Branco,Residencial,Radiação solar,Microgeracao,4.76,2020-10-05
AC,Norte,1200401,Rio Branco,Residencial,Radiação solar,Microgeracao,3.9,2020-10-05
AC,Norte,1200401,Rio Branco,Residencial,Radiação solar,Microgeracao,8.4,2020-10-05
AC,Norte,1200203,Cruzeiro do Sul,Residencial,Radiação solar,Microgeracao,6.0,2020-10-07
AC,Norte,1200401,Rio Branco,Comercial,Radiação solar,Microgeracao,8.2,2020-10-06
AC,Norte,1200401,Rio Branco,Residencial,Radiação solar,Microgeracao,8.0,2020-10-06
AC,Norte,1200401,Rio Branco,Residencial,Radiação solar,Microgeracao,5.0,2020-10-07
AC,Norte,1200401,Rio Branco,Comercial,Radiação solar,Microgeracao,7.48,2020-10-07
AC,Norte,1200401,Rio Branco,Residencial,Radiação solar,Microgeracao,11.07,2020-10-13
AC,Norte,1200401,Rio Branco,Residencial,Radiação solar,Microgeracao,3.0,2020-10-13
AC,Norte,1200401,Rio Branco,Residencial,Radiação solar,Microgeracao,15.0,2020-10-13
AC,Norte,1200401,Rio Branco,Residencial,Radiação solar,Microgeracao,5.0,2020-10-13
AC,Norte,1200401,Rio Branco,Residencial,Radiação solar,Microgeracao,5.0,2020-10-14
AC,Norte,1200401,Rio Branco,Residencial,Radiação solar,Microgeracao,7.5,2020-10-14
AC,Norte,1200401,Rio Branco,Comercial,Radiação solar,Microgeracao,25.0,2020-10-15
AC,Norte,1200401,Rio Branco,Residencial,Radiação solar,Microgeracao,31.5,2020-10-15
AC,Norte,1200138,Bujari,Residencial,Radiação solar,Microgeracao,7.0,2020-10-16
AC,Norte,1200401,Rio Branco,Residencial,Radiação solar,Microgeracao,4.0,2020-11-06
AC,Norte,1200401,Rio Branco,Residencial,Radiação solar,Microgeracao,7.5,2020-11-06
AC,Norte,1200401,Rio Branco,Residencial,Radiação solar,Microgeracao,4.69,2020-11-11
AC,Norte,1200385,Plácido de Castro,Residencial,Radiação solar,Microgeracao,3.0,2020-11-05
AC,Norte,1200401,Rio Branco,Residencial,Radiação solar,Microgeracao,10.0,2020-11-12
AC,Norte,1200401,Rio Branco,Residencial,Radiação solar,Microgeracao,7.5,2020-11-04
AC,Norte,1200401,Rio Branco,Residencial,Radiação solar,Microgeracao,8.0,2020-11-17
AC,Norte,1200401,Rio Branco,Comercial,Radiação solar,Microgeracao,8.0,2020-11-17
AC,Norte,1200401,Rio Branco,Residencial,Radiação solar,Microgeracao,8.0,2020-11-04
AC,Norte,1200401,Rio Branco,Residencial,Radiação solar,Microgeracao,6.5,2020-11-04
AC,Norte,1200401,Rio Branco,Residencial,Radiação solar,Microgeracao,4.76,2020-11-04
AC,Norte,1200401,Rio Branco,Residencial,Radiação solar,Microgeracao,7.5,2020-11-09
AC,Norte,1200401,Rio Branco,Residencial,Radiação solar,Microgeracao,8.0,2020-11-04
AC,Norte,1200401,Rio Branco,Residencial,Radiação solar,Microgeracao,10.0,2020-11-04
AC,Norte,1200401,Rio Branco,Residencial,Radiação solar,Microgeracao,5.0,2020-11-03
AC,Norte,1200807,Porto Acre,Rural,Radiação solar,Microgeracao,5.0,2020-11-17
AC,Norte,1200401,Rio Branco,Residencial,Radiação solar,Microgeracao,4.02,2020-11-18
AC,Norte,1200401,Rio Branco,Residencial,Radiação solar,Microgeracao,7.48,2020-11-18
AC,Norte,1200401,Rio Branco,Residencial,Radiação solar,Microgeracao,8.2,2020-11-18
AC,Norte,1200807,Porto Acre,Residencial,Radiação solar,Microgeracao,5.0,2020-11-17
AC,Norte,1200401,Rio Branco,Residencial,Radiação solar,Microgeracao,4.0,2020-11-03
AC,Norte,1200104,Brasiléia,Comercial,Radiação solar,Microgeracao,27.0,2020-10-29
AC,Norte,1200401,Rio Branco,Residencial,Radiação solar,Microgeracao,5.0,2020-10-29
AC,Norte,1200401,Rio Branco,Residencial,Radiação solar,Microgeracao,10.0,2020-10-29
AC,Norte,1200401,Rio Branco,Residencial,Radiação solar,Microgeracao,3.9,2020-10-28
AC,Norte,1200401,Rio Branco,Residencial,Radiação solar,Microgeracao,5.0,2020-10-28
