SigUF,NomRegiao,CodMunicipioIbge,NomMunicipio,qtd_empreendimentos,potencia_total_kw,potencia_media_kw
DF,Centro Oeste,5300108,Brasília,35930,580826.38,16.17
MT,Centro Oeste,5103403,Cuiabá,44800,503795.26,11.25
MS,Centro Oeste,5002704,Campo Grande,49562,437156.34,8.82
RJ,Sudeste,3304557,Rio de Janeiro,40363,384693.39,9.53
GO,Centro Oeste,5208707,Goiânia,33464,368184.95,11.0
PI,Nordeste,2211001,Teresina,38256,367961.01,9.62
CE,Nordeste,2304400,Fortaleza,33845,331562.8,9.8
MA,Nordeste,2111300,São Luís,27013,288766.74,10.69
PA,Norte,1501402,Belém,29331,264360.95,9.01
SP,Sudeste,3550308,São Paulo,25575,257930.0,10.09
MA,Nordeste,2105302,Imperatriz,26155,247940.36,9.48
AM,Norte,1302603,Manaus,15552,246362.16,15.84
TO,Norte,1721000,Palmas,21897,205791.46,9.4
MG,Sudeste,3170206,Uberlândia,21426,201924.55,9.42
RO,Norte,1100205,Porto Velho,15578,201922.33,12.96
PE,Nordeste,2611101,Petrolina,27310,199620.05,7.31
MT,Centro Oeste,5107602,Rondonópolis,21629,198528.37,9.18
RN,Nordeste,2408102,Natal,21653,189466.59,8.75
PR,Sul,4108304,Foz do Iguaçu,22958,188815.11,8.22
AL,Nordeste,2704302,Maceió,19641,188810.4,9.61
MS,Centro Oeste,5003702,Dourados,20839,184400.81,8.85
MT,Centro Oeste,5108402,Várzea Grande,19736,179298.94,9.08
AP,Norte,1600303,Macapá,15223,176691.22,11.61
PR,Sul,4115200,Maringá,18113,176218.9,9.73
SP,Sudeste,3543402,Ribeirão Preto,20747,175651.29,8.47
BA,Nordeste,2927408,Salvador,17391,170438.05,9.8
RN,Nordeste,2408003,Mossoró,20590,158284.1,7.69
MG,Sudeste,3106200,Belo Horizonte,17152,157005.82,9.15
MT,Centro Oeste,5107909,Sinop,13215,155244.91,11.75
SP,Sudeste,3549805,São José do Rio Preto,21867,152467.57,6.97
PR,Sul,4106902,Curitiba,13919,148395.71,10.66
BA,Nordeste,2910800,Feira de Santana,18098,147079.39,8.13
SP,Sudeste,3509502,Campinas,18068,144125.02,7.98
PE,Nordeste,2611606,Recife,14638,141829.31,9.69
PA,Norte,1506807,Santarém,13845,141671.73,10.23
PR,Sul,4113700,Londrina,13431,139898.12,10.42
SP,Sudeste,3549904,São José dos Campos,11640,136840.87,11.76
MT,Centro Oeste,5107925,Sorriso,8044,133196.28,16.56
MG,Sudeste,3143302,Montes Claros,10058,131640.36,13.09
ES,Sudeste,3205002,Serra,12454,130489.59,10.48
PR,Sul,4104808,Cascavel,10107,128943.17,12.76
AC,Norte,1200401,Rio Branco,12753,128066.11,10.04
SP,Sudeste,3524402,Jacareí,4917,124230.37,25.27
RS,Sul,4305108,Caxias do Sul,12801,124220.13,9.7
SE,Nordeste,2800308,Aracaju,10905,124082.89,11.38
RS,Sul,4314902,Porto Alegre,13157,123084.94,9.36
RJ,Sudeste,3301009,Campos dos Goytacazes,15055,122559.52,8.14
GO,Centro Oeste,5201405,Aparecida de Goiânia,11023,120754.14,10.95
PR,Sul,4127700,Toledo,9635,118696.24,12.32
PB,Nordeste,2507507,João Pessoa,10463,118209.2,11.3
RR,Norte,1400100,Boa Vista,7773,108003.82,13.89
GO,Centro Oeste,5201108,Anápolis,9964,107894.26,10.83
SP,Sudeste,3541406,Presidente Prudente,15233,106474.21,6.99
MA,Nordeste,2112209,Timon,8601,105775.69,12.3
BA,Nordeste,2905701,Camaçari,12888,104751.76,8.13
BA,Nordeste,2918407,Juazeiro,13618,103089.24,7.57
GO,Centro Oeste,5218805,Rio Verde,7641,102242.91,13.38
PA,Norte,1504208,Marabá,9939,101477.7,10.21
MG,Sudeste,3170107,Uberaba,10600,101228.49,9.55
SP,Sudeste,3502804,Araçatuba,13749,100671.28,7.32
SC,Sul,4209102,Joinville,13703,100386.33,7.33
BA,Nordeste,2933307,Vitória da Conquista,10568,99341.67,9.4
BA,Nordeste,2903201,Barreiras,11112,97757.92,8.8
PA,Norte,1500800,Ananindeua,11390,97680.22,8.58
SC,Sul,4202404,Blumenau,12012,93361.67,7.77
MT,Centro Oeste,5107958,Tangará da Serra,7712,92724.82,12.02
ES,Sudeste,3203205,Linhares,5982,91984.33,15.38
RN,Nordeste,2403251,Parnamirim,12408,91949.8,7.41
MG,Sudeste,3127701,Governador Valadares,12021,91932.15,7.65
SP,Sudeste,3552205,Sorocaba,10671,91285.41,8.55
SP,Sudeste,3526902,Limeira,9558,90827.68,9.5
SP,Sudeste,3516200,Franca,8033,90678.54,11.29
SP,Sudeste,3538709,Piracicaba,9471,87369.06,9.22
RO,Norte,1100122,Ji-Paraná,7572,86797.23,11.46
PR,Sul,4128104,Umuarama,7027,86018.39,12.24
TO,Norte,1702109,Araguaína,9015,86014.9,9.54
ES,Sudeste,3204906,São Mateus,5525,85552.7,15.48
RJ,Sudeste,3303302,Niterói,11273,85492.3,7.58
PE,Nordeste,2604106,Caruaru,9666,85478.58,8.84
SP,Sudeste,3554102,Taubaté,6258,83721.36,13.38
SC,Sul,4205407,Florianópolis,8201,83561.79,10.19
PA,Norte,1505536,Parauapebas,8973,82878.58,9.24
MT,Centro Oeste,5105259,Lucas do Rio Verde,5361,82782.94,15.44
MA,Nordeste,2101400,Balsas,5165,82278.05,15.93
PR,Sul,4118402,Paranavaí,4947,80943.99,16.36
RS,Sul,4313409,Novo Hamburgo,9509,80788.33,8.5
MG,Sudeste,3147006,Paracatu,3004,79761.34,26.55
SP,Sudeste,3506003,Bauru,9935,79654.35,8.02
MT,Centro Oeste,5107040,Primavera do Leste,5250,79322.84,15.11
MG,Sudeste,3118601,Contagem,5808,79206.13,13.64
SP,Sudeste,3518800,Guarulhos,5706,77392.73,13.56
ES,Sudeste,3205200,Vila Velha,6802,75695.09,11.13
MA,Nordeste,2111201,São José de Ribamar,8068,75526.32,9.36
RS,Sul,4316907,Santa Maria,9585,73977.86,7.72
RJ,Sudeste,3302700,Maricá,12279,73439.44,5.98
SP,Sudeste,3530607,Mogi das Cruzes,8323,73101.99,8.78
MG,Sudeste,3122306,Divinópolis,5021,72689.5,14.48
BA,Nordeste,2919553,Luís Eduardo Magalhães,6225,72499.03,11.65
SP,Sudeste,3508504,Caçapava,2443,72433.24,29.65
AL,Nordeste,2700300,Arapiraca,6982,71605.29,10.26
BA,Nordeste,2919207,Lauro de Freitas,9149,71599.65,7.83
GO,Centro Oeste,5211503,Itumbiara,7894,71526.81,9.06
MG,Sudeste,3148004,Patos de Minas,5282,70926.2,13.43
CE,Nordeste,2301000,Aquiraz,2958,70092.06,23.7
MT,Centro Oeste,5102504,Cáceres,5978,69988.55,11.71
BA,Nordeste,2911709,Guanambi,8355,69680.24,8.34
MT,Centro Oeste,5106224,Nova Mutum,3715,69502.91,18.71
MS,Centro Oeste,5008305,Três Lagoas,8105,69276.96,8.55
CE,Nordeste,2307304,Juazeiro do Norte,7591,68739.85,9.06
SP,Sudeste,3506508,Birigui,8707,68726.75,7.89
MG,Sudeste,3131307,Ipatinga,9055,67740.58,7.48
SC,Sul,4208906,Jaraguá do Sul,8969,67488.34,7.52
SP,Sudeste,3503208,Araraquara,8489,66100.98,7.79
RS,Sul,4316808,Santa Cruz do Sul,8315,65587.12,7.89
ES,Sudeste,3201308,Cariacica,6096,65510.67,10.75
RO,Norte,1100023,Ariquemes,5768,65434.53,11.34
RJ,Sudeste,3304904,São Gonçalo,8821,65235.17,7.4
PR,Sul,4114609,Marechal Cândido Rondon,5568,65110.94,11.69
SP,Sudeste,3505500,Barretos,6403,64610.21,10.09
ES,Sudeste,3201506,Colatina,6128,64174.48,10.47
RS,Sul,4314100,Passo Fundo,7032,63788.87,9.07
GO,Centro Oeste,5204508,Caldas Novas,5171,63438.34,12.27
SP,Sudeste,3520509,Indaiatuba,9700,63231.37,6.52
MG,Sudeste,3143906,Muriaé,6036,62044.4,10.28
TO,Norte,1709500,Gurupi,6442,61685.56,9.58
PR,Sul,4117909,Palotina,3798,61337.46,16.15
RS,Sul,4314407,Pelotas,8231,61115.09,7.42
RO,Norte,1100049,Cacoal,4968,60834.1,12.25
PR,Sul,4105508,Cianorte,4510,60627.39,13.44
RS,Sul,4304606,Canoas,8202,60360.97,7.36
SP,Sudeste,3529005,Marília,7454,59281.0,7.95
PE,Nordeste,2607901,Jaboatão dos Guararapes,5989,58707.05,9.8
ES,Sudeste,3201209,Cachoeiro de Itapemirim,5251,58684.94,11.18
SC,Sul,4204202,Chapecó,5012,58210.52,11.61
SP,Sudeste,3525904,Jundiaí,7160,58035.4,8.11
MG,Sudeste,3167202,Sete Lagoas,4093,57810.41,14.12
CE,Nordeste,2304285,Eusébio,5828,57726.17,9.9
PB,Nordeste,2504009,Campina Grande,4279,56979.65,13.32
TO,Norte,1718204,Porto Nacional,3861,56948.66,14.75
BA,Nordeste,2925303,Porto Seguro,5489,56790.96,10.35
SP,Sudeste,3557105,Votuporanga,7774,56729.1,7.3
CE,Nordeste,2303709,Caucaia,5074,56474.52,11.13
MS,Centro Oeste,5006309,Paranaíba,4221,56463.48,13.38
RS,Sul,4318705,São Leopoldo,7073,56015.06,7.92
PA,Norte,1502400,Castanhal,5874,55983.98,9.53
PA,Norte,1506138,Redenção,5279,55566.17,10.53
RJ,Sudeste,3301702,Duque de Caxias,5113,54277.07,10.62
MS,Centro Oeste,5006606,Ponta Porã,4115,54060.54,13.14
PR,Sul,4108403,Francisco Beltrão,4426,53716.78,12.14
MT,Centro Oeste,5101803,Barra do Garças,5451,53622.7,9.84
MG,Sudeste,3106705,Betim,4506,53303.45,11.83
PA,Norte,1500602,Altamira,4430,53172.75,12.0
BA,Nordeste,2931350,Teixeira de Freitas,6075,52468.27,8.64
RJ,Sudeste,3302205,Itaperuna,4995,52304.63,10.47
MG,Sudeste,3135100,Janaúba,2514,52252.72,20.78
PR,Sul,4104303,Campo Mourão,4314,52196.41,12.1
MG,Sudeste,3136702,Juiz de Fora,5364,51765.0,9.65
PR,Sul,4102000,Assis Chateaubriand,3075,51611.8,16.78
SP,Sudeste,3548906,São Carlos,6332,51550.01,8.14
RJ,Sudeste,3303401,Nova Friburgo,4293,51033.21,11.89
SP,Sudeste,3527207,Lorena,1412,50849.28,36.01
MG,Sudeste,3103504,Araguari,4663,50653.69,10.86
SP,Sudeste,3501608,Americana,6265,50617.61,8.08
PR,Sul,4119905,Ponta Grossa,3413,50503.84,14.8
RS,Sul,4322400,Uruguaiana,3123,50336.17,16.12
RS,Sul,4309209,Gravataí,7291,50283.07,6.9
RS,Sul,4307005,Erechim,5427,50161.4,9.24
GO,Centro Oeste,5211909,Jataí,3249,50136.82,15.43
MG,Sudeste,3126703,Francisco Sá,523,49680.9,94.99
SC,Sul,4204301,Concórdia,2834,49636.55,17.51
MT,Centro Oeste,5106752,Pontes e Lacerda,3920,49451.32,12.62
GO,Centro Oeste,5205109,Catalão,5323,49132.62,9.23
ES,Sudeste,3205309,Vitória,3785,48759.92,12.88
RJ,Sudeste,3302403,Macaé,5565,48578.76,8.73
SC,Sul,4208203,Itajaí,5052,48467.11,9.59
MS,Centro Oeste,5005707,Naviraí,4664,48459.85,10.39
PR,Sul,4123501,Santa Helena,4881,48191.8,9.87
MG,Sudeste,3138203,Lavras,1821,48016.93,26.37
MA,Nordeste,2101202,Bacabal,5177,47687.54,9.21
MG,Sudeste,3151503,Piumhi,1498,47437.27,31.67
MA,Nordeste,2100055,Açailândia,4105,47336.98,11.53
PR,Sul,4101408,Apucarana,2790,47322.19,16.96
PI,Nordeste,2207702,Parnaíba,5268,47288.52,8.98
MT,Centro Oeste,5106505,Poconé,1362,47252.05,34.69
MG,Sudeste,3147907,Passos,4863,46913.11,9.65
SP,Sudeste,3511102,Catanduva,5985,46880.82,7.83
MA,Nordeste,2107506,Paço do Lumiar,4747,46505.39,9.8
MT,Centro Oeste,5100250,Alta Floresta,4557,45963.8,10.09
PE,Nordeste,2606408,Gravatá,3520,45407.48,12.9
RS,Sul,4317202,Santa Rosa,6858,45368.15,6.62
PA,Norte,1505502,Paragominas,3884,45262.93,11.65
RS,Sul,4311403,Lajeado,5814,44489.56,7.65
SP,Sudeste,3510500,Caraguatatuba,3415,44306.27,12.97
PI,Nordeste,2208007,Picos,4366,44233.93,10.13
SP,Sudeste,3525300,Jaú,4257,44201.67,10.38
PB,Nordeste,2510808,Patos,5466,44129.25,8.07
CE,Nordeste,2305506,Iguatu,4787,43803.9,9.15
RS,Sul,4322608,Venâncio Aires,5350,43750.08,8.18
CE,Nordeste,2311801,Russas,2391,43412.44,18.16
PE,Nordeste,2610707,Paulista,5748,42941.64,7.47
